subjectcode,age_value,gender_type,score_value,dataset
syn-101,64,M,91.5,synthetic_b
syn-102,18,M,55.2,synthetic_b
syn-103,84,M,6.5,synthetic_b
syn-104,76,F,85.3,synthetic_b
syn-105,25,M,15.2,synthetic_b
syn-106,86,M,54.0,synthetic_b
syn-107,44,F,17.2,synthetic_b
syn-108,50,F,10.1,synthetic_b
syn-109,65,M,11.5,synthetic_b
syn-110,70,F,49.7,synthetic_b
syn-111,49,M,75.2,synthetic_b
syn-112,53,M,18.2,synthetic_b
syn-113,86,M,18.0,synthetic_b
syn-114,35,M,62.6,synthetic_b
syn-115,37,M,93.0,synthetic_b
syn-116,44,M,71.8,synthetic_b
syn-117,51,M,86.5,synthetic_b
syn-118,78,F,35.0,synthetic_b
syn-119,24,F,94.2,synthetic_b
syn-120,85,F,98.6,synthetic_b
syn-121,33,M,78.9,synthetic_b
syn-122,60,M,95.3,synthetic_b
syn-123,35,M,9.3,synthetic_b
syn-124,39,F,20.8,synthetic_b
syn-125,22,M,3.7,synthetic_b
syn-126,78,M,35.5,synthetic_b
syn-127,31,M,74.8,synthetic_b
syn-128,87,M,26.8,synthetic_b
syn-129,60,F,32.8,synthetic_b
syn-130,73,M,3.4,synthetic_b
syn-131,34,M,26.5,synthetic_b
syn-132,74,M,93.4,synthetic_b
syn-133,31,F,75.7,synthetic_b
syn-134,77,F,12.7,synthetic_b
syn-135,32,F,34.7,synthetic_b
syn-136,69,F,45.0,synthetic_b
syn-137,82,F,97.2,synthetic_b
syn-138,73,M,43.2,synthetic_b
syn-139,54,F,1.9,synthetic_b
syn-140,75,M,77.5,synthetic_b
